Workbook

Sheet DATA_MASTER_CEKIN
A1: DATA MASTER REGISTRASI & PENEMPATAN KAMAR MA'HAD AL-JAMI'AH UINSSC
A2: Sumber data ekspor resmi sistem E-CheckIn Ma'had Al-Jami'ah UIN Siber Syekh Nurjati Cirebon
A4: No | B4: NIM / NISN | C4: Nama Lengkap Mahasantri | D4: Jenis Kelamin | E4: Jalur Pendaftaran | F4: Fakultas | G4: Jurusan / Prodi | H4: Gedung Asrama | I4: Lantai | J4: Nomor Kamar | K4: Nomor Bed | L4: Status Kehadiran | M4: Waktu Check-In | N4: Petugas Verifikasi | O4: Catatan Barang Bawaan
A5: 1 | B5: 2530104044 | C5: Muhammad Indera Wiguna | D5: Laki-laki (Putra) | E5: Perpanjangan | F5: FITK | G5: T. IPS | H5: Ma'had Jadid | I5: 5 | J5: 513 | K5: 1 | L5: Sudah Check-In (Hadir) | M5: 29/08/2026 07:48:38 | N5: Raihan | O5: Koper 1, Tas Ransel 1
A6: 2 | B6: 2530311086 | C6: SUFYAN TSAURY | D6: Laki-laki (Putra) | E6: Perpanjangan | F6: FASYA | G6: HUKUM KELUARGA ISLAM | H6: Ma'had Jadid | I6: 5 | J6: 513 | K6: 3 | L6: Belum Check-In (Booking) | M6: - | N6: - | O6: -
A7: 3 | B7: 0067999651 | C7: Abdullah Al Mu'izi Mafas | D7: Laki-laki (Putra) | E7: Calon Mahasantri Baru | F7: FITK | G7: Pendidikan Agama Islam | H7: Ma'had Jadid | I7: 5 | J7: 513 | K7: 2 | L7: Sudah Check-In (Hadir) | M7: 29/08/2026 08:15:10 | N7: Raihan | O7: Koper 1, Galon 1
A8: 4 | B8: 2530201015 | C8: Ahmad Fauzi | D8: Laki-laki (Putra) | E8: Calon Mahasantri Baru | F8: FEBI | G8: Perbankan Syariah | H8: Ma'had Jadid | I8: 2 | J8: 201 | K8: 1 | L8: Sudah Check-In (Hadir) | M8: 29/08/2026 08:30:00 | N8: Ust. Hasan | O8: Koper 1
A9: 5 | B9: 2530201016 | C9: Budi Santoso | D9: Laki-laki (Putra) | E9: Calon Mahasantri Baru | F9: FUSA | G9: Ilmu Al-Qur'an dan Tafsir | H9: Ma'had Jadid | I9: 2 | J9: 201 | K9: 2 | L9: Belum Check-In (Booking) | M9: - | N9: - | O9: -
A10: 6 | B10: 2530302010 | C10: Fatimah Az-Zahra | D10: Perempuan (Putri) | E10: Calon Mahasantri Baru | F10: FITK | G10: Pendidikan Bahasa Arab | H10: Ma'had Qodim | I10: 2 | J10: 201 | K10: 1 | L10: Sudah Check-In (Hadir) | M10: 29/08/2026 09:00:12 | N10: Ustzh. Maryam | O10: Koper 2, Ember 1
A11: 7 | B11: 2530302011 | C11: Aisyah Humaira | D11: Perempuan (Putri) | E11: Calon Mahasantri Baru | F11: FASYA | G11: Hukum Ekonomi Syariah | H11: Ma'had Qodim | I11: 2 | J11: 201 | K11: 2 | L11: Sudah Check-In (Hadir) | M11: 29/08/2026 09:15:45 | N11: Ustzh. Maryam | O11: Koper 1
A12: 8 | B12: 2530302012 | C12: Zahra Nur Salsabila | D12: Perempuan (Putri) | E12: Perpanjangan | F12: FDK | G12: Komunikasi Penyiaran Islam | H12: Ma'had Qodim | I12: 3 | J12: 305 | K12: 1 | L12: Belum Check-In (Booking) | M12: - | N12: - | O12: -
A13: 9 | B13: 2530302013 | C13: Nabila Rahmawati | D13: Perempuan (Putri) | E13: Calon Mahasantri Baru | F13: FITK | G13: Tadris Matematika | H13: Ma'had Qodim | I13: 3 | J13: 305 | K13: 2 | L13: Sudah Check-In (Hadir) | M13: 29/08/2026 10:00:00 | N13: Ustzh. Siti | O13: Koper 1
A14: 10 | B14: 2530401099 | C14: Muhammad Rizky | D14: Laki-laki (Putra) | E14: Calon Mahasantri Baru | F14: FDK | G14: Bimbingan Konseling Islam | H14: Ma'had Jadid | I14: 3 | J14: 302 | K14: 1 | L14: Sudah Check-In (Hadir) | M14: 29/08/2026 10:20:11 | N14: Ust. Ahmad | O14: Koper 1, Dispenser 1
A15: 11 | B15: 2530401100 | C15: Farhan Maulana | D15: Laki-laki (Putra) | E15: Perpanjangan | F15: FASYA | G15: Ilmu Falak | H15: Ma'had Jadid | I15: 3 | J15: 302 | K15: 2 | L15: Belum Check-In (Booking) | M15: - | N15: - | O15: -
A16: 12 | B16: 2530501001 | C16: Khadijah Putri | D16: Perempuan (Putri) | E16: Calon Mahasantri Baru | F16: FEBI | G16: Akuntansi Syariah | H16: Ma'had Qodim | I16: 4 | J16: 408 | K16: 1 | L16: Sudah Check-In (Hadir) | M16: 29/08/2026 11:05:00 | N16: Ustzh. Nur | O16: Koper 1, Laptop 1

Sheet REKAP_KEHADIRAN
A1: DASHBOARD MONITORING & REKAPITULASI KEHADIRAN CHECK-IN
A2: Laporan real-time status kehadiran mahasantri per Gedung dan per Lantai
B4: TOTAL TERDAFTAR | E4: SUDAH CHECK-IN | H4: BELUM CHECK-IN | K4: PERSENTASE HADIR
C5: =COUNTA(DATA_MASTER_CEKIN!A5:A100) | F5: =COUNTIF(DATA_MASTER_CEKIN!L5:L100, "*Sudah*") | I5: =COUNTIF(DATA_MASTER_CEKIN!L5:L100, "*Belum*") | L5: =E5/B5
A7: Tabel Rekapitulasi Status Kehadiran Per Gedung & Lantai
A9: Gedung Asrama | B9: Lantai | C9: Target Kapasitas | D9: Sudah Check-In (Hadir) | E9: Belum Check-In (Booking) | F9: Total Terdaftar | G9: % Kehadiran
A10: Ma'had Jadid | B10: Lantai 2 | C10: 40 | D10: =COUNTIFS(DATA_MASTER_CEKIN!$H$5:$H$100, "Ma'had Jadid", DATA_MASTER_CEKIN!$I$5:$I$100, 2, DATA_MASTER_CEKIN!$L$5:$L$100, "*Sudah*") | E10: =COUNTIFS(DATA_MASTER_CEKIN!$H$5:$H$100, "Ma'had Jadid", DATA_MASTER_CEKIN!$I$5:$I$100, 2, DATA_MASTER_CEKIN!$L$5:$L$100, "*Belum*") | F10: =D10+E10 | G10: =IF(F10>0, D10/F10, 0)
A11: Ma'had Jadid | B11: Lantai 3 | C11: 40 | D11: =COUNTIFS(DATA_MASTER_CEKIN!$H$5:$H$100, "Ma'had Jadid", DATA_MASTER_CEKIN!$I$5:$I$100, 3, DATA_MASTER_CEKIN!$L$5:$L$100, "*Sudah*") | E11: =COUNTIFS(DATA_MASTER_CEKIN!$H$5:$H$100, "Ma'had Jadid", DATA_MASTER_CEKIN!$I$5:$I$100, 3, DATA_MASTER_CEKIN!$L$5:$L$100, "*Belum*") | F11: =D11+E11 | G11: =IF(F11>0, D11/F11, 0)
A12: Ma'had Jadid | B12: Lantai 4 | C12: 40 | D12: =COUNTIFS(DATA_MASTER_CEKIN!$H$5:$H$100, "Ma'had Jadid", DATA_MASTER_CEKIN!$I$5:$I$100, 4, DATA_MASTER_CEKIN!$L$5:$L$100, "*Sudah*") | E12: =COUNTIFS(DATA_MASTER_CEKIN!$H$5:$H$100, "Ma'had Jadid", DATA_MASTER_CEKIN!$I$5:$I$100, 4, DATA_MASTER_CEKIN!$L$5:$L$100, "*Belum*") | F12: =D12+E12 | G12: =IF(F12>0, D12/F12, 0)
A13: Ma'had Jadid | B13: Lantai 5 | C13: 40 | D13: =COUNTIFS(DATA_MASTER_CEKIN!$H$5:$H$100, "Ma'had Jadid", DATA_MASTER_CEKIN!$I$5:$I$100, 5, DATA_MASTER_CEKIN!$L$5:$L$100, "*Sudah*") | E13: =COUNTIFS(DATA_MASTER_CEKIN!$H$5:$H$100, "Ma'had Jadid", DATA_MASTER_CEKIN!$I$5:$I$100, 5, DATA_MASTER_CEKIN!$L$5:$L$100, "*Belum*") | F13: =D13+E13 | G13: =IF(F13>0, D13/F13, 0)
A14: Ma'had Qodim | B14: Lantai 2 | C14: 40 | D14: =COUNTIFS(DATA_MASTER_CEKIN!$H$5:$H$100, "Ma'had Qodim", DATA_MASTER_CEKIN!$I$5:$I$100, 2, DATA_MASTER_CEKIN!$L$5:$L$100, "*Sudah*") | E14: =COUNTIFS(DATA_MASTER_CEKIN!$H$5:$H$100, "Ma'had Qodim", DATA_MASTER_CEKIN!$I$5:$I$100, 2, DATA_MASTER_CEKIN!$L$5:$L$100, "*Belum*") | F14: =D14+E14 | G14: =IF(F14>0, D14/F14, 0)
A15: Ma'had Qodim | B15: Lantai 3 | C15: 40 | D15: =COUNTIFS(DATA_MASTER_CEKIN!$H$5:$H$100, "Ma'had Qodim", DATA_MASTER_CEKIN!$I$5:$I$100, 3, DATA_MASTER_CEKIN!$L$5:$L$100, "*Sudah*") | E15: =COUNTIFS(DATA_MASTER_CEKIN!$H$5:$H$100, "Ma'had Qodim", DATA_MASTER_CEKIN!$I$5:$I$100, 3, DATA_MASTER_CEKIN!$L$5:$L$100, "*Belum*") | F15: =D15+E15 | G15: =IF(F15>0, D15/F15, 0)
A16: Ma'had Qodim | B16: Lantai 4 | C16: 40 | D16: =COUNTIFS(DATA_MASTER_CEKIN!$H$5:$H$100, "Ma'had Qodim", DATA_MASTER_CEKIN!$I$5:$I$100, 4, DATA_MASTER_CEKIN!$L$5:$L$100, "*Sudah*") | E16: =COUNTIFS(DATA_MASTER_CEKIN!$H$5:$H$100, "Ma'had Qodim", DATA_MASTER_CEKIN!$I$5:$I$100, 4, DATA_MASTER_CEKIN!$L$5:$L$100, "*Belum*") | F16: =D16+E16 | G16: =IF(F16>0, D16/F16, 0)
A17: Ma'had Qodim | B17: Lantai 5 | C17: 40 | D17: =COUNTIFS(DATA_MASTER_CEKIN!$H$5:$H$100, "Ma'had Qodim", DATA_MASTER_CEKIN!$I$5:$I$100, 5, DATA_MASTER_CEKIN!$L$5:$L$100, "*Sudah*") | E17: =COUNTIFS(DATA_MASTER_CEKIN!$H$5:$H$100, "Ma'had Qodim", DATA_MASTER_CEKIN!$I$5:$I$100, 5, DATA_MASTER_CEKIN!$L$5:$L$100, "*Belum*") | F17: =D17+E17 | G17: =IF(F17>0, D17/F17, 0)
A18: GRAND TOTAL KESELURUHAN | B18: - | C18: =SUM(C10:C17) | D18: =SUM(D10:D17) | E18: =SUM(E10:E17) | F18: =SUM(F10:F17) | G18: =IF(F18>0, D18/F18, 0)

Sheet BUKU_INDUK_KAMAR
A1: BUKU INDUK & DAFTAR ALOKASI PENGHUNI KAMAR ASRAMA
A2: Daftar rincian penempatan ranjang santri per gedung, lantai, dan nomor kamar
A4: Gedung | B4: Lantai | C4: Nomor Kamar | D4: Bed | E4: Nama Lengkap Mahasantri | F4: NIM / NISN | G4: Gender | H4: Fakultas & Prodi | I4: Status Kehadiran | J4: Waktu Check-In | K4: Petugas
A5: =DATA_MASTER_CEKIN!H5 | B5: =DATA_MASTER_CEKIN!I5 | C5: =DATA_MASTER_CEKIN!J5 | D5: =DATA_MASTER_CEKIN!K5 | E5: =DATA_MASTER_CEKIN!C5 | F5: =DATA_MASTER_CEKIN!B5 | G5: =DATA_MASTER_CEKIN!D5 | H5: =DATA_MASTER_CEKIN!F5 & " - " & DATA_MASTER_CEKIN!G5 | I5: =DATA_MASTER_CEKIN!L5 | J5: =DATA_MASTER_CEKIN!M5 | K5: =DATA_MASTER_CEKIN!N5
A6: =DATA_MASTER_CEKIN!H6 | B6: =DATA_MASTER_CEKIN!I6 | C6: =DATA_MASTER_CEKIN!J6 | D6: =DATA_MASTER_CEKIN!K6 | E6: =DATA_MASTER_CEKIN!C6 | F6: =DATA_MASTER_CEKIN!B6 | G6: =DATA_MASTER_CEKIN!D6 | H6: =DATA_MASTER_CEKIN!F6 & " - " & DATA_MASTER_CEKIN!G6 | I6: =DATA_MASTER_CEKIN!L6 | J6: =DATA_MASTER_CEKIN!M6 | K6: =DATA_MASTER_CEKIN!N6
A7: =DATA_MASTER_CEKIN!H7 | B7: =DATA_MASTER_CEKIN!I7 | C7: =DATA_MASTER_CEKIN!J7 | D7: =DATA_MASTER_CEKIN!K7 | E7: =DATA_MASTER_CEKIN!C7 | F7: =DATA_MASTER_CEKIN!B7 | G7: =DATA_MASTER_CEKIN!D7 | H7: =DATA_MASTER_CEKIN!F7 & " - " & DATA_MASTER_CEKIN!G7 | I7: =DATA_MASTER_CEKIN!L7 | J7: =DATA_MASTER_CEKIN!M7 | K7: =DATA_MASTER_CEKIN!N7
A8: =DATA_MASTER_CEKIN!H8 | B8: =DATA_MASTER_CEKIN!I8 | C8: =DATA_MASTER_CEKIN!J8 | D8: =DATA_MASTER_CEKIN!K8 | E8: =DATA_MASTER_CEKIN!C8 | F8: =DATA_MASTER_CEKIN!B8 | G8: =DATA_MASTER_CEKIN!D8 | H8: =DATA_MASTER_CEKIN!F8 & " - " & DATA_MASTER_CEKIN!G8 | I8: =DATA_MASTER_CEKIN!L8 | J8: =DATA_MASTER_CEKIN!M8 | K8: =DATA_MASTER_CEKIN!N8
A9: =DATA_MASTER_CEKIN!H9 | B9: =DATA_MASTER_CEKIN!I9 | C9: =DATA_MASTER_CEKIN!J9 | D9: =DATA_MASTER_CEKIN!K9 | E9: =DATA_MASTER_CEKIN!C9 | F9: =DATA_MASTER_CEKIN!B9 | G9: =DATA_MASTER_CEKIN!D9 | H9: =DATA_MASTER_CEKIN!F9 & " - " & DATA_MASTER_CEKIN!G9 | I9: =DATA_MASTER_CEKIN!L9 | J9: =DATA_MASTER_CEKIN!M9 | K9: =DATA_MASTER_CEKIN!N9
A10: =DATA_MASTER_CEKIN!H10 | B10: =DATA_MASTER_CEKIN!I10 | C10: =DATA_MASTER_CEKIN!J10 | D10: =DATA_MASTER_CEKIN!K10 | E10: =DATA_MASTER_CEKIN!C10 | F10: =DATA_MASTER_CEKIN!B10 | G10: =DATA_MASTER_CEKIN!D10 | H10: =DATA_MASTER_CEKIN!F10 & " - " & DATA_MASTER_CEKIN!G10 | I10: =DATA_MASTER_CEKIN!L10 | J10: =DATA_MASTER_CEKIN!M10 | K10: =DATA_MASTER_CEKIN!N10
A11: =DATA_MASTER_CEKIN!H11 | B11: =DATA_MASTER_CEKIN!I11 | C11: =DATA_MASTER_CEKIN!J11 | D11: =DATA_MASTER_CEKIN!K11 | E11: =DATA_MASTER_CEKIN!C11 | F11: =DATA_MASTER_CEKIN!B11 | G11: =DATA_MASTER_CEKIN!D11 | H11: =DATA_MASTER_CEKIN!F11 & " - " & DATA_MASTER_CEKIN!G11 | I11: =DATA_MASTER_CEKIN!L11 | J11: =DATA_MASTER_CEKIN!M11 | K11: =DATA_MASTER_CEKIN!N11
A12: =DATA_MASTER_CEKIN!H12 | B12: =DATA_MASTER_CEKIN!I12 | C12: =DATA_MASTER_CEKIN!J12 | D12: =DATA_MASTER_CEKIN!K12 | E12: =DATA_MASTER_CEKIN!C12 | F12: =DATA_MASTER_CEKIN!B12 | G12: =DATA_MASTER_CEKIN!D12 | H12: =DATA_MASTER_CEKIN!F12 & " - " & DATA_MASTER_CEKIN!G12 | I12: =DATA_MASTER_CEKIN!L12 | J12: =DATA_MASTER_CEKIN!M12 | K12: =DATA_MASTER_CEKIN!N12
A13: =DATA_MASTER_CEKIN!H13 | B13: =DATA_MASTER_CEKIN!I13 | C13: =DATA_MASTER_CEKIN!J13 | D13: =DATA_MASTER_CEKIN!K13 | E13: =DATA_MASTER_CEKIN!C13 | F13: =DATA_MASTER_CEKIN!B13 | G13: =DATA_MASTER_CEKIN!D13 | H13: =DATA_MASTER_CEKIN!F13 & " - " & DATA_MASTER_CEKIN!G13 | I13: =DATA_MASTER_CEKIN!L13 | J13: =DATA_MASTER_CEKIN!M13 | K13: =DATA_MASTER_CEKIN!N13
A14: =DATA_MASTER_CEKIN!H14 | B14: =DATA_MASTER_CEKIN!I14 | C14: =DATA_MASTER_CEKIN!J14 | D14: =DATA_MASTER_CEKIN!K14 | E14: =DATA_MASTER_CEKIN!C14 | F14: =DATA_MASTER_CEKIN!B14 | G14: =DATA_MASTER_CEKIN!D14 | H14: =DATA_MASTER_CEKIN!F14 & " - " & DATA_MASTER_CEKIN!G14 | I14: =DATA_MASTER_CEKIN!L14 | J14: =DATA_MASTER_CEKIN!M14 | K14: =DATA_MASTER_CEKIN!N14
A15: =DATA_MASTER_CEKIN!H15 | B15: =DATA_MASTER_CEKIN!I15 | C15: =DATA_MASTER_CEKIN!J15 | D15: =DATA_MASTER_CEKIN!K15 | E15: =DATA_MASTER_CEKIN!C15 | F15: =DATA_MASTER_CEKIN!B15 | G15: =DATA_MASTER_CEKIN!D15 | H15: =DATA_MASTER_CEKIN!F15 & " - " & DATA_MASTER_CEKIN!G15 | I15: =DATA_MASTER_CEKIN!L15 | J15: =DATA_MASTER_CEKIN!M15 | K15: =DATA_MASTER_CEKIN!N15
A16: =DATA_MASTER_CEKIN!H16 | B16: =DATA_MASTER_CEKIN!I16 | C16: =DATA_MASTER_CEKIN!J16 | D16: =DATA_MASTER_CEKIN!K16 | E16: =DATA_MASTER_CEKIN!C16 | F16: =DATA_MASTER_CEKIN!B16 | G16: =DATA_MASTER_CEKIN!D16 | H16: =DATA_MASTER_CEKIN!F16 & " - " & DATA_MASTER_CEKIN!G16 | I16: =DATA_MASTER_CEKIN!L16 | J16: =DATA_MASTER_CEKIN!M16 | K16: =DATA_MASTER_CEKIN!N16

Sheet STATISTIK_FAKULTAS
A1: STATISTIK PERSEBARAN MAHASANTRI PER FAKULTAS & GENDER
A2: Demografi pendaftar asrama Ma'had Al-Jami'ah berdasarkan Fakultas dan Jenis Kelamin
A4: Fakultas | B4: Jurusan / Program Studi | C4: Laki-laki (Putra) | D4: Perempuan (Putri) | E4: Total Santri | F4: Persentase Kontribusi
A5: FITK | B5: Pendidikan Agama Islam | C5: =COUNTIFS(DATA_MASTER_CEKIN!$G$5:$G$100, "Pendidikan Agama Islam", DATA_MASTER_CEKIN!$D$5:$D$100, "*Putra*") | D5: =COUNTIFS(DATA_MASTER_CEKIN!$G$5:$G$100, "Pendidikan Agama Islam", DATA_MASTER_CEKIN!$D$5:$D$100, "*Putri*") | E5: =C5+D5 | F5: =IF($E$17>0, E5/$E$17, 0)
A6: FITK | B6: Pendidikan Bahasa Arab | C6: =COUNTIFS(DATA_MASTER_CEKIN!$G$5:$G$100, "Pendidikan Bahasa Arab", DATA_MASTER_CEKIN!$D$5:$D$100, "*Putra*") | D6: =COUNTIFS(DATA_MASTER_CEKIN!$G$5:$G$100, "Pendidikan Bahasa Arab", DATA_MASTER_CEKIN!$D$5:$D$100, "*Putri*") | E6: =C6+D6 | F6: =IF($E$17>0, E6/$E$17, 0)
A7: FITK | B7: Tadris IPS | C7: =COUNTIFS(DATA_MASTER_CEKIN!$G$5:$G$100, "Tadris IPS", DATA_MASTER_CEKIN!$D$5:$D$100, "*Putra*") | D7: =COUNTIFS(DATA_MASTER_CEKIN!$G$5:$G$100, "Tadris IPS", DATA_MASTER_CEKIN!$D$5:$D$100, "*Putri*") | E7: =C7+D7 | F7: =IF($E$17>0, E7/$E$17, 0)
A8: FITK | B8: Tadris Matematika | C8: =COUNTIFS(DATA_MASTER_CEKIN!$G$5:$G$100, "Tadris Matematika", DATA_MASTER_CEKIN!$D$5:$D$100, "*Putra*") | D8: =COUNTIFS(DATA_MASTER_CEKIN!$G$5:$G$100, "Tadris Matematika", DATA_MASTER_CEKIN!$D$5:$D$100, "*Putri*") | E8: =C8+D8 | F8: =IF($E$17>0, E8/$E$17, 0)
A9: FASYA | B9: Hukum Keluarga Islam | C9: =COUNTIFS(DATA_MASTER_CEKIN!$G$5:$G$100, "Hukum Keluarga Islam", DATA_MASTER_CEKIN!$D$5:$D$100, "*Putra*") | D9: =COUNTIFS(DATA_MASTER_CEKIN!$G$5:$G$100, "Hukum Keluarga Islam", DATA_MASTER_CEKIN!$D$5:$D$100, "*Putri*") | E9: =C9+D9 | F9: =IF($E$17>0, E9/$E$17, 0)
A10: FASYA | B10: Hukum Ekonomi Syariah | C10: =COUNTIFS(DATA_MASTER_CEKIN!$G$5:$G$100, "Hukum Ekonomi Syariah", DATA_MASTER_CEKIN!$D$5:$D$100, "*Putra*") | D10: =COUNTIFS(DATA_MASTER_CEKIN!$G$5:$G$100, "Hukum Ekonomi Syariah", DATA_MASTER_CEKIN!$D$5:$D$100, "*Putri*") | E10: =C10+D10 | F10: =IF($E$17>0, E10/$E$17, 0)
A11: FASYA | B11: Ilmu Falak | C11: =COUNTIFS(DATA_MASTER_CEKIN!$G$5:$G$100, "Ilmu Falak", DATA_MASTER_CEKIN!$D$5:$D$100, "*Putra*") | D11: =COUNTIFS(DATA_MASTER_CEKIN!$G$5:$G$100, "Ilmu Falak", DATA_MASTER_CEKIN!$D$5:$D$100, "*Putri*") | E11: =C11+D11 | F11: =IF($E$17>0, E11/$E$17, 0)
A12: FUSA | B12: Ilmu Al-Qur'an dan Tafsir | C12: =COUNTIFS(DATA_MASTER_CEKIN!$G$5:$G$100, "Ilmu Al-Qur'an dan Tafsir", DATA_MASTER_CEKIN!$D$5:$D$100, "*Putra*") | D12: =COUNTIFS(DATA_MASTER_CEKIN!$G$5:$G$100, "Ilmu Al-Qur'an dan Tafsir", DATA_MASTER_CEKIN!$D$5:$D$100, "*Putri*") | E12: =C12+D12 | F12: =IF($E$17>0, E12/$E$17, 0)
A13: FDK | B13: Komunikasi Penyiaran Islam | C13: =COUNTIFS(DATA_MASTER_CEKIN!$G$5:$G$100, "Komunikasi Penyiaran Islam", DATA_MASTER_CEKIN!$D$5:$D$100, "*Putra*") | D13: =COUNTIFS(DATA_MASTER_CEKIN!$G$5:$G$100, "Komunikasi Penyiaran Islam", DATA_MASTER_CEKIN!$D$5:$D$100, "*Putri*") | E13: =C13+D13 | F13: =IF($E$17>0, E13/$E$17, 0)
A14: FDK | B14: Bimbingan Konseling Islam | C14: =COUNTIFS(DATA_MASTER_CEKIN!$G$5:$G$100, "Bimbingan Konseling Islam", DATA_MASTER_CEKIN!$D$5:$D$100, "*Putra*") | D14: =COUNTIFS(DATA_MASTER_CEKIN!$G$5:$G$100, "Bimbingan Konseling Islam", DATA_MASTER_CEKIN!$D$5:$D$100, "*Putri*") | E14: =C14+D14 | F14: =IF($E$17>0, E14/$E$17, 0)
A15: FEBI | B15: Perbankan Syariah | C15: =COUNTIFS(DATA_MASTER_CEKIN!$G$5:$G$100, "Perbankan Syariah", DATA_MASTER_CEKIN!$D$5:$D$100, "*Putra*") | D15: =COUNTIFS(DATA_MASTER_CEKIN!$G$5:$G$100, "Perbankan Syariah", DATA_MASTER_CEKIN!$D$5:$D$100, "*Putri*") | E15: =C15+D15 | F15: =IF($E$17>0, E15/$E$17, 0)
A16: FEBI | B16: Akuntansi Syariah | C16: =COUNTIFS(DATA_MASTER_CEKIN!$G$5:$G$100, "Akuntansi Syariah", DATA_MASTER_CEKIN!$D$5:$D$100, "*Putra*") | D16: =COUNTIFS(DATA_MASTER_CEKIN!$G$5:$G$100, "Akuntansi Syariah", DATA_MASTER_CEKIN!$D$5:$D$100, "*Putri*") | E16: =C16+D16 | F16: =IF($E$17>0, E16/$E$17, 0)
A17: TOTAL KESELURUHAN | B17: 12 Program Studi | C17: =SUM(C5:C16) | D17: =SUM(D5:D16) | E17: =SUM(E5:E16) | F17: =SUM(F5:F16)
